City_ID,City,Country,Date,Lat,Lng,Max Temp,Humidity,Cloudiness,Wind Speed
0,Yar-Sale,RU,2022-01-24 03:58:42,66.8333,70.8333,4.01,94,39,13.24
1,Nemuro,JP,2022-01-24 03:58:42,43.3236,145.575,27.03,64,91,8.55
2,Sisimiut,GL,2022-01-24 03:58:43,66.9395,-53.6735,16.56,68,100,22.19
3,Ushuaia,AR,2022-01-24 03:58:43,-54.8,-68.3,46.06,81,75,21.85
4,Mataura,NZ,2022-01-24 03:58:43,-46.1927,168.8643,70.27,35,7,6.76
5,Albany,US,2022-01-24 03:54:55,42.6001,-73.9662,22.8,85,88,1.01
6,Bojnurd,IR,2022-01-24 03:58:44,37.4747,57.329,17.55,86,0,0.0
7,Axim,GH,2022-01-24 03:58:44,4.8699,-2.2405,76.32,89,4,1.86
8,Bluff,NZ,2022-01-24 03:58:45,-46.6,168.3333,56.07,62,33,7.61
9,Rikitea,PF,2022-01-24 03:58:45,-23.1203,-134.9692,78.21,73,100,16.35
10,East London,ZA,2022-01-24 03:58:46,-33.0153,27.9116,70.74,83,0,6.91
11,Mayo,US,2022-01-24 03:58:47,38.8876,-76.5119,34.27,81,100,1.01
12,Hithadhoo,MV,2022-01-24 03:58:47,-0.6,73.0833,82.11,70,96,13.6
13,Punta Arenas,CL,2022-01-24 03:58:47,-53.15,-70.9167,48.31,61,20,21.85
14,Cabo San Lucas,MX,2022-01-24 03:57:17,22.8909,-109.9124,69.51,74,100,5.01
15,Hualmay,PE,2022-01-24 03:58:48,-11.0964,-77.6139,70.9,87,19,8.16
16,Tiksi,RU,2022-01-24 03:58:49,71.6872,128.8694,-7.28,100,100,2.53
17,Presidencia Roque Saenz Pena,AR,2022-01-24 03:58:49,-26.7852,-60.4388,90.34,31,47,8.61
18,Riyadh,SA,2022-01-24 03:56:08,24.6877,46.7219,48.34,31,0,6.35
19,Faanui,PF,2022-01-24 03:58:50,-16.4833,-151.75,81.54,70,92,12.88
20,Flinders,AU,2022-01-24 03:58:50,-34.5833,150.8552,80.06,67,82,4.0
21,Kodiak,US,2022-01-24 03:58:50,57.79,-152.4072,38.71,93,100,29.57
22,Teahupoo,PF,2022-01-24 03:58:51,-17.8333,-149.2667,76.96,78,92,13.82
23,Antakya,TR,2022-01-24 03:58:51,36.2066,36.1572,37.22,99,100,0.22
24,Atuona,PF,2022-01-24 03:58:52,-9.8,-139.0333,78.49,75,11,16.73
25,Barrow,US,2022-01-24 03:55:01,71.2906,-156.7887,3.79,94,100,7.83
26,Oxford,GB,2022-01-24 03:54:19,51.7522,-1.256,41.77,86,100,3.09
27,Vaini,TO,2022-01-24 03:58:53,-21.2,-175.2,87.96,84,40,6.91
28,Ilulissat,GL,2022-01-24 03:58:53,69.2167,-51.1,10.49,69,100,11.27
29,Castro,BR,2022-01-24 03:58:54,-24.7911,-50.0119,64.99,94,70,2.46
30,Khatanga,RU,2022-01-24 03:58:54,71.9667,102.5,-14.21,100,100,6.85
31,Jackson,US,2022-01-24 03:58:54,42.4165,-122.8345,50.45,55,6,2.21
32,Meulaboh,ID,2022-01-24 03:58:55,4.1363,96.1285,83.77,68,42,1.14
33,Lebu,CL,2022-01-24 03:58:55,-37.6167,-73.65,57.45,93,5,9.71
34,Isangel,VU,2022-01-24 03:58:56,-19.55,169.2667,87.91,74,40,4.61
35,Waingapu,ID,2022-01-24 03:58:10,-9.6567,120.2641,87.46,61,56,16.89
36,Saskylakh,RU,2022-01-24 03:58:57,71.9167,114.0833,-21.89,100,100,3.62
37,New Norfolk,AU,2022-01-24 03:58:57,-42.7826,147.0587,81.91,35,100,3.0
38,Tabou,CI,2022-01-24 03:58:58,4.423,-7.3528,76.39,86,3,3.02
39,Audincourt,FR,2022-01-24 03:58:58,47.4833,6.8534,36.48,95,8,6.11
40,Boyuibe,BO,2022-01-24 03:58:58,-20.4167,-63.2833,69.58,87,25,3.33
41,Butaritari,KI,2022-01-24 03:58:59,3.0707,172.7902,82.31,78,100,19.04
42,Pogranichnyy,RU,2022-01-24 03:58:59,44.4064,131.3769,20.61,60,3,0.87
43,Sur,OM,2022-01-24 03:58:08,22.5667,59.5289,68.05,62,0,11.56
44,Hasaki,JP,2022-01-24 03:59:00,35.7333,140.8333,48.6,55,100,25.88
45,Bambanglipuro,ID,2022-01-24 03:59:00,-7.95,110.2833,77.61,67,56,13.22
46,Upata,VE,2022-01-24 03:59:01,8.0086,-62.3989,72.19,84,9,3.13
47,Puerto Ayora,EC,2022-01-24 04:00:01,-0.7393,-90.3518,73.72,89,95,8.63
48,Lasa,IT,2022-01-24 04:00:06,46.6166,10.7002,29.35,64,0,6.06
49,Saint-Philippe,RE,2022-01-24 04:00:08,-21.3585,55.7679,83.75,86,36,12.88
50,Mumford,GH,2022-01-24 04:00:10,5.2618,-0.759,76.5,86,4,3.44
51,Nelson Bay,AU,2022-01-24 04:00:11,-32.7167,152.15,80.29,68,84,3.0
52,Lompoc,US,2022-01-24 04:00:13,34.6391,-120.4579,60.19,68,0,6.04
53,Thompson,CA,2022-01-24 04:00:15,55.7435,-97.8558,-16.62,89,14,9.37
54,Carnarvon,AU,2022-01-24 04:00:15,-24.8667,113.6333,90.66,40,0,21.7
55,Mount Gambier,AU,2022-01-24 04:00:16,-37.8333,140.7667,89.51,25,90,5.55
56,Pevek,RU,2022-01-24 04:00:17,69.7008,170.3133,-12.21,96,100,19.8
57,Redlands,US,2022-01-24 04:00:19,34.0556,-117.1825,61.14,37,0,4.81
58,Ribeira Grande,PT,2022-01-24 04:00:20,38.5167,-28.7,59.56,66,5,6.08
59,Namibe,AO,2022-01-24 04:00:21,-15.1961,12.1522,73.38,90,73,4.63
60,Cabedelo,BR,2022-01-24 03:59:50,-6.9811,-34.8339,77.67,75,44,9.17
61,Tasiilaq,GL,2022-01-24 04:00:22,65.6145,-37.6368,15.96,60,75,7.96
62,Broome,US,2022-01-24 04:00:25,42.2506,-75.833,21.45,84,100,1.99
63,Karema,TZ,2022-01-24 04:00:25,-6.8205,30.4389,67.89,91,100,3.33
64,Port Alfred,ZA,2022-01-24 04:00:25,-33.5906,26.891,74.57,54,0,6.22
65,Cherskiy,RU,2022-01-24 04:00:26,68.75,161.3,-29.63,98,100,5.39
66,Amurzet,RU,2022-01-24 04:00:27,47.6967,131.0981,14.49,76,6,7.45
67,Ostrovnoy,RU,2022-01-24 04:00:27,68.0531,39.5131,34.66,95,100,35.93
68,Hobart,AU,2022-01-24 04:00:21,-42.8794,147.3294,82.27,59,75,1.99
69,Port-Cartier,CA,2022-01-24 04:00:28,50.0334,-66.8654,8.74,81,89,11.03
70,Hermanus,ZA,2022-01-24 04:00:29,-34.4187,19.2345,68.9,91,98,6.91
71,Mariental,NA,2022-01-24 04:00:29,-24.6333,17.9667,69.48,49,54,6.04
72,Fuerte Olimpo,PY,2022-01-24 04:00:30,-21.0415,-57.8738,82.69,50,2,5.06
73,Nikolskoye,RU,2022-01-24 04:00:30,59.7035,30.7861,27.39,94,100,9.26
74,Bilibino,RU,2022-01-24 04:00:31,68.0546,166.4372,-28.7,98,100,4.03
75,Mildura,AU,2022-01-24 03:58:09,-34.2,142.15,94.96,18,100,9.22
76,Ardu,EE,2022-01-24 04:00:31,59.0986,25.3541,34.2,95,100,12.46
77,Yabrud,SY,2022-01-24 04:00:32,33.9674,36.6574,28.53,96,74,7.18
78,Avarua,CK,2022-01-24 03:57:37,-21.2078,-159.775,80.65,94,75,9.22
79,Shubarkuduk,KZ,2022-01-24 04:00:33,49.1447,56.4872,0.86,86,13,9.91
80,Meadow Lake,US,2022-01-24 04:00:22,34.8014,-106.5436,42.49,45,1,0.98
81,Aksarka,RU,2022-01-24 04:00:34,66.5606,67.7975,-1.86,100,87,9.98
82,Longyearbyen,SJ,2022-01-24 03:59:53,78.2186,15.6401,8.8,95,77,3.71
83,Port Elizabeth,ZA,2022-01-24 04:00:15,-33.918,25.5701,68.29,73,0,4.61
84,Geraldton,AU,2022-01-24 03:58:01,-28.7667,114.6,86.41,48,0,18.41
85,Severo-Kurilsk,RU,2022-01-24 04:00:35,50.6789,156.125,26.37,74,92,11.63
86,Najran,SA,2022-01-24 04:00:36,17.4924,44.1277,54.64,49,10,1.28
87,Visconde Do Rio Branco,BR,2022-01-24 04:00:36,-21.0103,-42.8406,73.81,49,22,1.19
88,Merrill,US,2022-01-24 04:00:37,45.1805,-89.6835,4.89,68,100,0.0
89,Superior,US,2022-01-24 04:00:02,46.7208,-92.1041,6.48,76,100,0.0
90,Aykhal,RU,2022-01-24 04:00:37,66.0,111.5,5.41,94,100,6.67
91,Nantucket,US,2022-01-24 04:00:38,41.2835,-70.0995,34.14,75,100,17.0
92,Waipawa,NZ,2022-01-24 04:01:38,-41.4122,175.5153,69.3,86,100,8.84
93,Boa Vista,BR,2022-01-24 04:00:46,2.8197,-60.6733,81.52,61,100,5.64
94,West Hollywood,US,2022-01-24 04:01:39,34.09,-118.3617,66.18,35,0,1.01
95,Mozarlandia,BR,2022-01-24 04:01:39,-14.7447,-50.5706,74.59,81,92,1.77
96,Port Hueneme,US,2022-01-24 03:57:13,34.1478,-119.1951,67.26,51,0,3.15
97,Clyde River,CA,2022-01-24 04:01:40,70.4692,-68.5914,-3.77,84,100,31.07
98,Kirakira,SB,2022-01-24 04:01:41,-10.4544,161.9205,85.86,73,100,5.5
99,Dikson,RU,2022-01-24 04:01:41,73.5069,80.5464,-1.25,95,97,23.4
100,Kruisfontein,ZA,2022-01-24 04:01:42,-34.0033,24.7314,69.84,52,0,11.07
101,Husavik,IS,2022-01-24 04:01:42,66.0449,-17.3389,14.76,80,64,11.56
102,Sept-Iles,CA,2022-01-24 03:59:24,50.2001,-66.3821,10.06,84,75,5.01
103,Kashirskoye,RU,2022-01-24 04:01:43,51.4194,39.6125,21.42,93,100,13.85
104,Qaanaaq,GL,2022-01-24 04:01:43,77.484,-69.3632,-4.02,85,100,3.94
105,Busselton,AU,2022-01-24 04:01:44,-33.65,115.3333,77.18,43,23,18.03
106,Banswara,IN,2022-01-24 04:01:44,23.55,74.45,60.01,42,0,6.53
107,Ponce,PR,2022-01-24 03:56:57,18.073,-66.6185,73.45,80,0,4.47
108,Redcar,GB,2022-01-24 04:01:45,54.6166,-1.06,43.57,1,12,7.74
109,Southbridge,US,2022-01-24 04:01:45,42.0751,-72.0334,29.14,88,100,1.99
110,Tuktoyaktuk,CA,2022-01-24 04:01:46,69.4541,-133.0374,1.89,97,96,7.56
111,Yellowknife,CA,2022-01-24 04:01:46,62.456,-114.3525,-21.44,74,72,5.99
112,Ballina,AU,2022-01-24 04:01:47,-28.8667,153.5667,79.79,70,75,13.11
113,Port Lincoln,AU,2022-01-24 04:00:40,-34.7333,135.8667,74.59,78,29,5.82
114,Krasnovka,RU,2022-01-24 04:01:48,48.8177,40.0923,22.23,94,100,13.98
115,Praia,CV,2022-01-24 04:00:13,14.9215,-23.5087,72.72,76,100,17.2
116,Whitehorse,CA,2022-01-24 04:01:48,60.7161,-135.0538,13.59,95,58,4.61
117,Hirtshals,DK,2022-01-24 04:01:49,57.5881,9.9592,40.86,77,100,25.3
118,Ornskoldsvik,SE,2022-01-24 04:01:49,63.2909,18.7153,27.55,100,95,3.44
119,Iqaluit,CA,2022-01-24 04:01:49,63.7506,-68.5145,-11.31,76,100,8.99
120,Motala,SE,2022-01-24 04:01:50,58.5371,15.0365,42.12,85,91,19.48
121,Leua,SK,2022-01-24 04:01:50,48.2156,18.6071,24.49,86,12,3.78
122,Bethel,US,2022-01-24 04:01:44,41.3712,-73.414,30.56,88,100,1.01
123,Geoagiu,RO,2022-01-24 04:01:51,45.9167,23.2,12.22,90,8,3.76
124,Srednekolymsk,RU,2022-01-24 04:01:51,67.45,153.6833,-24.29,98,100,6.31
125,Fairbanks,US,2022-01-24 04:00:03,64.8378,-147.7164,21.6,89,91,5.21
126,Sistranda,NO,2022-01-24 04:01:52,63.7256,8.834,46.36,98,100,22.24
127,Nuuk,GL,2022-01-24 04:00:35,64.1835,-51.7216,22.8,76,100,12.35
128,Harper,LR,2022-01-24 04:01:53,4.375,-7.7169,76.24,87,6,4.72
129,Hilo,US,2022-01-24 04:00:13,19.7297,-155.09,74.25,90,3,3.0
130,Porto Novo,BJ,2022-01-24 03:57:48,6.4965,2.6036,75.02,82,2,4.14
131,Saldanha,ZA,2022-01-24 04:01:53,-33.0117,17.9442,66.42,91,96,8.75
132,Bonthe,SL,2022-01-24 04:01:54,7.5264,-12.505,74.44,86,20,3.33
133,Mareeba,AU,2022-01-24 04:01:54,-17.0,145.4333,86.32,70,99,7.4
134,Sorong,ID,2022-01-24 04:01:55,-0.8833,131.25,86.34,64,88,4.97
135,Bredasdorp,ZA,2022-01-24 04:01:55,-34.5322,20.0403,66.27,81,58,10.51
136,Do Gonbadan,IR,2022-01-24 04:02:56,30.3586,50.7981,47.32,27,0,2.53
137,Phalaborwa,ZA,2022-01-24 04:02:56,-23.943,31.1411,67.96,68,56,11.41
138,Noumea,NC,2022-01-24 04:02:57,-22.2763,166.4572,82.99,99,47,7.05
139,Haines Junction,CA,2022-01-24 04:02:57,60.7522,-137.5108,12.78,99,95,2.24
140,Surt,LY,2022-01-24 04:02:58,31.2089,16.5887,53.06,70,100,2.82
141,Gat,IL,2022-01-24 04:02:58,31.61,34.7642,49.41,100,63,12.95
142,Jamestown,US,2022-01-24 04:02:58,42.097,-79.2353,14.72,92,100,0.0
143,Jalu,LY,2022-01-24 04:02:59,29.0331,21.5482,47.08,67,34,1.05
144,Yeppoon,AU,2022-01-24 04:02:59,-23.1333,150.7333,89.38,58,88,12.39
145,Boyolangu,ID,2022-01-24 04:03:00,-8.1181,111.8935,87.37,56,80,7.11
146,Sokol,RU,2022-01-24 04:03:01,59.4617,40.1206,7.14,95,71,7.05
147,Kapaa,US,2022-01-24 04:03:01,22.0752,-159.319,78.78,77,75,8.05
148,Chuy,UY,2022-01-24 04:03:02,-33.6971,-53.4616,72.45,95,94,4.27
149,Arraial Do Cabo,BR,2022-01-24 04:01:31,-22.9661,-42.0278,75.04,88,9,20.47
150,Provideniya,RU,2022-01-24 04:03:02,64.3833,-173.3,19.51,86,100,17.9
151,Esmeralda,CU,2022-01-24 04:03:03,21.8525,-78.1169,70.84,91,29,5.21
152,Yagodnoye,RU,2022-01-24 04:03:04,62.55,149.6667,-15.16,99,100,2.77
153,Leh,IN,2022-01-24 04:03:04,34.1667,77.5833,9.07,93,100,1.14
154,Khandbari,NP,2022-01-24 04:03:04,27.3747,87.2039,56.26,47,5,2.66
155,Itaituba,BR,2022-01-24 04:02:21,-4.2761,-55.9836,73.0,99,100,0.56
156,Longonjo,AO,2022-01-24 04:03:05,-12.9067,15.2533,59.77,96,85,2.86
157,Vernon,CA,2022-01-24 04:02:54,50.2581,-119.2691,31.6,82,89,3.0
158,Coihaique,CL,2022-01-24 04:03:06,-45.5752,-72.0662,50.61,76,75,3.44
159,Ponta Delgada,PT,2022-01-24 04:03:06,37.7333,-25.6667,60.49,77,75,11.5
160,Champerico,GT,2022-01-24 04:03:07,14.3,-91.9167,80.35,70,0,2.44
161,Pringsewu,ID,2022-01-24 04:03:07,-5.3582,104.9744,88.45,59,74,1.92
162,Souillac,MU,2022-01-24 04:03:08,-20.5167,57.5167,84.36,74,11,8.01
163,Flin Flon,CA,2022-01-24 04:03:09,54.7682,-101.865,-13.43,88,6,8.75
164,Pacific Grove,US,2022-01-24 04:03:09,36.6177,-121.9166,55.81,59,0,4.61
165,Bengkulu,ID,2022-01-24 04:03:10,-3.8004,102.2655,82.83,72,84,11.95
166,Cape Town,ZA,2022-01-24 04:03:10,-33.9258,18.4232,69.89,87,75,1.99
167,Skeldon,GY,2022-01-24 04:03:11,5.8833,-57.1333,73.27,88,46,4.76
168,Touros,BR,2022-01-24 04:03:11,-5.1989,-35.4608,77.9,77,13,8.57
169,Chokurdakh,RU,2022-01-24 04:03:12,70.6333,147.9167,-20.69,100,98,5.86
170,Half Moon Bay,US,2022-01-24 04:03:12,37.4636,-122.4286,57.34,63,0,9.22
171,Prince Rupert,CA,2022-01-24 03:59:50,54.3161,-130.3201,42.49,97,100,0.0
172,Murgab,TM,2022-01-24 04:03:13,37.4966,61.9714,36.88,48,0,10.98
173,Bahia Honda,CU,2022-01-24 04:03:13,22.9036,-83.1592,64.99,72,0,9.53
174,Fernie,CA,2022-01-24 04:00:40,49.5,-115.0687,23.36,95,100,2.37
175,Bergen,NO,2022-01-24 04:03:14,60.392,5.328,46.15,93,75,16.11
176,Victoria,HK,2022-01-24 04:01:32,22.2855,114.1577,74.03,88,99,1.99
177,Mahebourg,MU,2022-01-24 04:03:15,-20.4081,57.7,84.25,73,7,9.57
178,Qasigiannguit,GL,2022-01-24 04:04:15,68.8193,-51.1922,16.05,67,100,10.65
179,San Quintin,MX,2022-01-24 04:02:37,30.4833,-115.95,59.67,58,0,4.34
180,Nadym,RU,2022-01-24 04:04:16,65.5333,72.5167,-2.33,100,78,9.89
181,Avera,US,2022-01-24 04:04:16,33.194,-82.5271,44.47,70,47,8.14
182,Lixourion,GR,2022-01-24 04:04:17,38.2019,20.4314,40.8,58,7,10.04
183,Katobu,ID,2022-01-24 04:04:17,-4.9408,122.5276,88.12,56,100,8.5
184,Jaque,PA,2022-01-24 04:04:18,7.5175,-78.1703,76.57,87,100,6.2
185,Tchibanga,GA,2022-01-24 04:04:18,-2.85,11.0333,70.09,99,82,0.47
186,Knysna,ZA,2022-01-24 04:04:19,-34.0363,23.0471,68.38,92,9,7.72
187,Te Anau,NZ,2022-01-24 04:04:19,-45.4167,167.7167,70.48,45,14,3.13
188,Caravelas,BR,2022-01-24 04:04:20,-17.7125,-39.2481,74.5,87,16,4.16
189,Tuatapere,NZ,2022-01-24 04:04:20,-46.1333,167.6833,60.31,57,9,9.55
190,Torbay,CA,2022-01-24 04:03:20,47.6666,-52.7314,25.75,89,61,1.01
191,Airai,TL,2022-01-24 04:04:21,-8.9266,125.4092,74.86,61,96,4.45
192,Dhidhdhoo,MV,2022-01-24 04:03:15,6.8833,73.1,81.27,58,99,11.07
193,Saint George,US,2022-01-24 04:04:21,37.1041,-113.5841,46.94,45,0,1.99
194,Lively,CA,2022-01-24 04:02:10,46.4334,-81.1498,-15.63,98,56,2.26
195,Novyy Urgal,RU,2022-01-24 04:04:22,51.0736,132.5642,-8.79,90,92,1.01
196,Katsuura,JP,2022-01-24 04:04:22,35.1333,140.3,48.31,56,100,20.83
197,Talnakh,RU,2022-01-24 04:04:23,69.4865,88.3972,-4.38,98,100,7.02
198,Aklavik,CA,2022-01-24 04:04:23,68.2191,-135.0107,5.16,95,80,9.35
199,Hamilton,US,2022-01-24 04:00:25,39.1834,-84.5333,23.88,72,60,1.01
200,Beringovskiy,RU,2022-01-24 04:04:24,63.05,179.3167,-21.73,97,39,6.24
201,Mabaruma,GY,2022-01-24 04:04:24,8.2,-59.7833,71.08,93,1,2.44
202,Mar Del Plata,AR,2022-01-24 04:04:25,-38.0023,-57.5575,71.87,72,19,5.01
203,Sao Filipe,CV,2022-01-24 04:04:25,14.8961,-24.4956,74.16,71,100,17.05
204,Prado,BR,2022-01-24 04:04:26,-17.3411,-39.2208,74.35,88,33,5.14
205,Brownsville,US,2022-01-24 04:04:26,25.9018,-97.4975,60.98,94,100,3.0
206,Viedma,AR,2022-01-24 04:04:27,-40.8135,-62.9967,71.74,39,8,10.49
207,Waterloo,CA,2022-01-24 04:04:04,43.4668,-80.5164,4.24,94,7,3.94
208,Christchurch,NZ,2022-01-24 04:04:11,-43.5333,172.6333,65.03,83,100,1.01
209,Asau,RO,2022-01-24 04:04:27,46.4333,26.4,20.75,89,96,7.49
210,Thinadhoo,MV,2022-01-24 04:04:28,0.5333,72.9333,81.63,71,35,13.27
211,Fortuna,US,2022-01-24 04:04:28,40.5982,-124.1573,47.98,84,0,3.56
212,Bom Jesus,BR,2022-01-24 04:04:29,-9.0744,-44.3586,71.47,84,30,2.66
213,Tilichiki,RU,2022-01-24 04:04:29,60.4667,166.1,-13.09,89,99,6.93
214,College,US,2022-01-24 04:02:49,64.8569,-147.8028,26.26,87,75,0.0
215,Yoichi,JP,2022-01-24 04:02:02,43.2039,140.7703,31.77,80,100,9.86
216,Necochea,AR,2022-01-24 04:04:30,-38.5473,-58.7368,63.03,58,0,10.98
217,Dingle,PH,2022-01-24 04:04:30,10.9995,122.6711,83.05,75,77,10.89
218,Manggar,ID,2022-01-24 04:04:31,-2.8833,108.2667,86.95,56,60,7.07
219,Kavaratti,IN,2022-01-24 04:04:31,10.5669,72.642,79.39,69,28,13.49
220,Fallon,US,2022-01-24 04:03:50,39.4735,-118.7774,35.28,61,0,3.44
221,Maniitsoq,GL,2022-01-24 04:04:32,65.4167,-52.9,21.04,73,100,21.65
222,Arlit,NE,2022-01-24 04:04:32,18.7369,7.3853,55.8,25,0,5.88
223,Tourlaville,FR,2022-01-24 04:04:33,49.6383,-1.5664,37.99,93,100,9.22
224,Santa Cruz,BO,2022-01-24 04:04:33,-17.8,-63.1667,74.66,94,20,6.91
225,Tosya,TR,2022-01-24 04:05:34,41.0155,34.0401,17.56,92,100,2.89
226,Bonfim,BR,2022-01-24 04:05:34,3.0833,-59.95,80.29,62,90,7.52
227,Deputatskiy,RU,2022-01-24 04:05:35,69.3,139.9,-22.0,98,100,5.1
228,Vila Franca Do Campo,PT,2022-01-24 04:05:35,37.7167,-25.4333,60.19,72,6,5.48
229,Vestmannaeyjar,IS,2022-01-24 04:05:36,63.4427,-20.2734,37.08,62,100,25.86
230,Coro,VE,2022-01-24 04:05:36,11.4045,-69.6734,74.1,84,25,13.85
231,Ancud,CL,2022-01-24 04:05:37,-41.8697,-73.8203,55.42,87,87,5.28
232,Snezhnogorsk,RU,2022-01-24 04:05:37,69.1933,33.2531,40.78,88,100,30.67
233,Jerome,US,2022-01-24 04:05:38,42.7241,-114.5186,27.95,82,100,3.44
234,Mwinilunga,ZM,2022-01-24 04:05:38,-11.7358,24.4293,57.09,98,36,3.78
235,Belmonte,BR,2022-01-24 04:05:39,-15.8631,-38.8828,75.7,81,78,4.16
236,Khani,GE,2022-01-24 04:05:39,41.9563,42.9566,36.97,79,75,6.11
237,Vao,NC,2022-01-24 04:05:40,-22.6667,167.4833,77.11,66,1,7.29
238,Sambava,MG,2022-01-24 04:05:40,-14.2667,50.1667,75.51,91,100,3.47
239,Lata,PT,2022-01-24 04:05:40,40.1629,-8.3327,47.8,84,0,3.87
240,Carmelo,UY,2022-01-24 04:05:41,-33.9892,-58.2856,76.95,80,100,6.69
241,Maceio,BR,2022-01-24 04:05:41,-9.6658,-35.7353,76.44,88,0,1.14
242,Changtu,CN,2022-01-24 04:05:42,42.7788,124.0955,21.76,29,100,5.84
243,Makinsk,KZ,2022-01-24 04:05:42,52.6292,70.4169,-8.77,99,89,3.44
244,Kosh-Agach,RU,2022-01-24 04:05:43,50.0,88.6667,-18.62,96,96,0.85
245,Batagay-Alyta,RU,2022-01-24 04:05:43,67.8006,130.4114,-10.93,93,100,0.69
246,Sembakung,ID,2022-01-24 04:05:44,3.8167,117.25,87.73,66,79,0.31
247,Bambous Virieux,MU,2022-01-24 04:05:44,-20.3428,57.7575,84.22,73,6,10.13
248,Qunduz,AF,2022-01-24 04:05:44,36.729,68.857,38.88,64,0,1.52
249,Balkhash,KZ,2022-01-24 04:05:45,46.844,74.9804,9.21,92,100,11.18
250,Kasangulu,CD,2022-01-24 04:05:45,-4.5911,15.1708,70.36,88,52,2.86
251,Bisert,RU,2022-01-24 04:05:46,56.8617,59.0523,14.29,94,100,2.71
252,Bedesa,ET,2022-01-24 04:05:46,8.9,40.7833,58.57,48,92,1.48
253,Santa Fe,AR,2022-01-24 04:02:50,-31.6333,-60.7,75.02,88,97,1.01
254,Belaya Gora,RU,2022-01-24 04:05:47,68.5333,146.4167,-28.1,100,100,4.68
255,Taitung,TW,2022-01-24 04:01:52,22.7583,121.1444,77.27,73,75,4.61
256,Jingdezhen,CN,2022-01-24 04:05:48,29.2947,117.2079,46.63,91,100,2.62
257,Macamic,CA,2022-01-24 04:05:48,48.7502,-78.9996,-16.78,100,99,4.07
258,Abu Dhabi,AE,2022-01-24 04:04:48,24.4667,54.3667,65.97,61,20,3.44
259,Vanimo,PG,2022-01-24 04:05:49,-2.6741,141.3028,82.92,77,99,5.32
260,Plettenberg Bay,ZA,2022-01-24 04:05:49,-34.0527,23.3716,69.35,81,2,9.69
261,Honningsvag,NO,2022-01-24 04:05:50,70.9821,25.9704,38.73,84,100,32.12
262,Khakhea,BW,2022-01-24 04:05:50,-24.6895,23.494,61.79,59,0,7.56
263,Kieta,PG,2022-01-24 04:05:51,-6.2167,155.6333,86.54,68,100,7.76
264,Ponta Do Sol,PT,2022-01-24 04:05:51,32.6667,-17.1,64.71,77,76,5.91
265,Turukhansk,RU,2022-01-24 04:05:52,65.8167,87.9833,-11.65,100,97,2.28
266,Evensk,RU,2022-01-24 04:05:52,61.95,159.2333,-7.56,81,99,5.08
267,Bosaso,SO,2022-01-24 04:05:53,11.2842,49.1816,72.3,70,93,2.62
268,Weihai,CN,2022-01-24 04:05:53,37.5017,122.1136,35.49,63,100,10.02
269,Huangyan,CN,2022-01-24 04:06:54,28.6478,121.2594,53.98,80,100,5.53
270,Mount Pleasant,US,2022-01-24 04:06:54,32.7941,-79.8626,44.01,74,0,1.01
271,Neiafu,TO,2022-01-24 04:06:55,-18.65,-173.9833,82.04,76,50,12.24
272,Codrington,AU,2022-01-24 04:06:55,-38.2667,141.9667,92.52,25,100,9.57
273,Puerto Ayacucho,VE,2022-01-24 04:06:56,5.6639,-67.6236,76.28,78,80,1.23
274,Bastia,FR,2022-01-24 04:06:56,42.6667,9.3333,45.3,78,0,8.05
275,Williams Lake,CA,2022-01-24 04:06:57,52.1415,-122.1445,19.89,96,86,2.75
276,Mahanoro,MG,2022-01-24 04:06:57,-19.9,48.8,78.46,88,97,9.06
277,Tiznit,MA,2022-01-24 04:06:58,29.5833,-9.5,52.25,73,100,1.39
278,La Macarena,CO,2022-01-24 04:06:58,2.1837,-73.7849,79.81,64,96,2.08
279,Vestmanna,FO,2022-01-24 04:06:59,62.1564,-7.1664,40.12,70,40,25.32
280,Cayenne,GF,2022-01-24 04:06:59,4.9333,-52.3333,77.09,88,75,5.01
281,Samaipata,BO,2022-01-24 04:07:00,-18.15,-63.8667,55.51,94,85,2.84
282,Chadan,RU,2022-01-24 04:07:00,51.2833,91.5833,-10.32,99,100,1.19
283,Severo-Yeniseyskiy,RU,2022-01-24 04:07:01,60.3725,93.0408,3.4,95,100,2.55
284,Sangolqui,EC,2022-01-24 04:07:01,-0.3341,-78.4522,58.35,93,95,1.07
285,Norman Wells,CA,2022-01-24 04:07:02,65.282,-126.8329,11.07,96,100,4.72
286,Sol-Iletsk,RU,2022-01-24 04:07:02,51.1631,54.9918,-2.11,89,73,7.02
287,Enzan,JP,2022-01-24 04:07:03,35.7,138.7333,49.91,55,100,3.09
288,Kibala,TD,2022-01-24 04:07:03,9.1104,18.3463,69.48,22,6,5.26
289,Bardiyah,LY,2022-01-24 04:07:04,31.7561,25.0865,47.61,62,84,12.55
290,Hellvik,NO,2022-01-24 04:07:04,59.9156,5.781,46.27,91,100,11.01
291,Coria,ES,2022-01-24 04:07:05,39.9879,-6.5377,38.44,86,0,4.05
292,La Romana,DO,2022-01-24 04:07:05,18.4273,-68.9728,74.93,85,0,4.88
293,Mitsamiouli,KM,2022-01-24 04:07:06,-11.3847,43.2844,80.85,80,98,25.97
294,Nome,US,2022-01-24 04:02:34,64.5011,-165.4064,13.15,74,97,5.12
295,Kemijarvi,FI,2022-01-24 04:07:06,66.7131,27.4306,38.23,78,96,21.23
296,Upernavik,GL,2022-01-24 04:07:07,72.7868,-56.1549,-7.19,61,65,7.18
297,Halifax,CA,2022-01-24 04:04:25,44.6453,-63.5724,34.21,89,100,10.0
298,Klaksvik,FO,2022-01-24 04:07:07,62.2266,-6.589,41.92,70,88,32.97
299,Sitka,US,2022-01-24 04:07:08,57.0531,-135.33,35.49,93,75,0.0
300,Ulaangom,MN,2022-01-24 04:07:08,49.9811,92.0667,-8.07,89,73,1.95
301,Tura,IN,2022-01-24 04:07:09,25.5198,90.2201,63.39,57,100,4.5
302,Karanganom,ID,2022-01-24 04:07:09,-7.6489,110.625,73.51,60,37,6.24
303,Gigmoto,PH,2022-01-24 04:07:09,13.7796,124.39,80.19,85,57,11.3
304,Tuy Hoa,VN,2022-01-24 04:07:10,13.0833,109.3,81.28,72,47,3.51
305,Schoneiche,DE,2022-01-24 04:07:10,52.4667,13.6833,44.98,95,75,4.61
306,Bay Roberts,CA,2022-01-24 04:07:11,47.5999,-53.2648,26.51,88,73,1.01
307,Naze,JP,2022-01-24 04:07:11,28.3667,129.4833,64.69,74,87,14.2
308,Sao Jose Do Egito,BR,2022-01-24 04:07:12,-7.4789,-37.2744,71.35,76,22,5.06
309,Karaton,ID,2022-01-24 04:07:13,-6.3424,106.1045,87.96,62,48,7.07
310,Kaitangata,NZ,2022-01-24 04:07:13,-46.2817,169.8464,58.93,70,27,9.17
311,Pouembout,NC,2022-01-24 04:07:13,-21.1333,164.9,83.5,63,24,7.87
312,Sajanan,TN,2022-01-24 04:07:14,37.0573,9.2426,42.12,74,0,6.44
313,Price,US,2022-01-24 04:07:14,39.5994,-110.8107,32.11,74,0,3.44
314,Cockburn Town,TC,2022-01-24 04:06:43,21.4612,-71.1419,77.59,78,4,10.54
315,Sioux Lookout,CA,2022-01-24 04:08:15,50.1001,-91.917,-2.99,99,100,2.77
316,Gao,ML,2022-01-24 04:08:15,16.6362,1.637,59.67,20,0,11.9
317,Henties Bay,NA,2022-01-24 04:08:16,-22.116,14.2845,73.85,85,87,4.03
318,Ahuimanu,US,2022-01-24 04:08:16,21.4447,-157.8378,76.75,73,75,1.99
319,Taltal,CL,2022-01-24 04:08:17,-25.4,-70.4833,64.94,78,70,1.05
320,Praya,CV,2022-01-24 04:08:17,14.9215,-23.5087,72.14,83,75,21.85
321,Bud,US,2022-01-24 04:08:18,39.447,-86.1758,25.86,72,81,2.26
322,Cidreira,BR,2022-01-24 04:08:18,-30.1811,-50.2056,76.64,91,87,6.44
323,Westport,US,2022-01-24 04:08:18,41.1415,-73.3579,32.32,90,100,1.01
324,Brae,GB,2022-01-24 04:08:19,60.3964,-1.353,48.11,92,100,18.81
325,Morondava,MG,2022-01-24 04:08:20,-20.2833,44.2833,83.77,60,92,14.58
326,Urengoy,RU,2022-01-24 04:08:20,65.9667,78.3667,-12.73,100,100,6.42
327,Marawi,PH,2022-01-24 04:08:20,7.9986,124.2928,71.65,93,100,4.68
328,San Policarpo,PH,2022-01-24 04:08:21,12.1791,125.5072,80.4,89,85,11.79
329,Brokopondo,SR,2022-01-24 04:08:21,4.75,-55.1667,73.45,92,43,6.02
330,Altagracia De Orituco,VE,2022-01-24 04:08:22,9.8601,-66.3814,67.37,88,46,5.26
331,Nouadhibou,MR,2022-01-24 04:08:22,20.931,-17.0347,67.64,67,100,13.65
332,Dudinka,RU,2022-01-24 04:08:22,69.4058,86.1778,-13.0,100,100,7.78
333,Spirit River,CA,2022-01-24 04:08:23,55.7833,-118.8361,32.83,78,100,7.31
334,Ikot Ekpene,NG,2022-01-24 04:08:23,5.1794,7.7108,73.65,90,16,2.91
335,Marovoay,MG,2022-01-24 04:08:24,-16.1,46.6333,72.9,97,100,7.83
336,Moron,AR,2022-01-24 04:08:24,-34.6534,-58.6198,73.98,93,95,3.85
337,Sokoni,TZ,2022-01-24 04:08:25,-6.4333,39.55,80.53,76,100,16.82
338,Umm Lajj,SA,2022-01-24 04:08:25,25.0213,37.2685,62.11,52,1,10.58
339,Auka,HN,2022-01-24 04:08:26,14.9333,-83.8333,70.56,97,0,2.46
340,Ternate,ID,2022-01-24 04:08:26,0.8,127.4,83.97,74,93,6.98
341,Aberdeen,GB,2022-01-24 04:08:26,57.1437,-2.0981,46.2,89,20,8.05
342,Gurupi,BR,2022-01-24 04:08:27,-11.7292,-49.0686,72.0,89,41,4.45
343,Georgetown,MY,2022-01-24 04:08:27,5.4112,100.3354,85.95,70,20,3.44
344,Mezen,RU,2022-01-24 04:08:28,65.8522,44.24,19.83,92,100,14.03
345,Narsaq,GL,2022-01-24 04:08:28,60.9167,-46.05,21.42,72,100,6.55
346,Puerto Cabezas,NI,2022-01-24 04:08:29,14.0351,-83.3888,74.98,87,1,9.08
347,Dunedin,NZ,2022-01-24 04:06:49,-45.8742,170.5036,58.8,94,91,8.01
348,Esfahan,IR,2022-01-24 04:04:21,32.6572,51.6776,17.24,27,0,3.69
349,Ongandjera,NA,2022-01-24 04:08:30,-17.8833,15.0667,71.42,47,47,9.04
350,Izumo,JP,2022-01-24 04:08:30,35.3667,132.7667,45.75,58,96,15.23
351,Nanortalik,GL,2022-01-24 04:08:31,60.1432,-45.2371,25.66,79,100,10.96
352,Ozernovskiy,RU,2022-01-24 04:08:31,51.5,156.5167,26.67,72,100,14.2
353,La Asuncion,VE,2022-01-24 04:08:32,11.0333,-63.8628,75.94,80,3,14.14
354,Egvekinot,RU,2022-01-24 04:08:32,66.3167,-179.1667,-23.39,97,96,5.79
355,Banepa,NP,2022-01-24 04:08:32,27.6298,85.5214,48.52,87,75,0.0
356,Umuahia,NG,2022-01-24 04:08:33,5.5263,7.4896,71.69,92,18,2.82
357,Honiara,SB,2022-01-24 04:08:33,-9.4333,159.95,85.05,77,99,6.87
358,Aras,ES,2022-01-24 04:08:34,42.5617,-2.356,32.32,93,0,1.14
359,Buchanan,LR,2022-01-24 04:08:34,5.8808,-10.0467,74.55,89,2,3.47
360,Catamarca,AR,2022-01-24 04:08:35,-28.4696,-65.7852,77.77,70,99,1.99
361,Quatre Cocos,MU,2022-01-24 04:08:35,-20.2078,57.7625,84.09,72,9,10.54
362,Sorland,NO,2022-01-24 04:08:35,67.667,12.6934,39.27,66,100,37.56
363,Guerrero Negro,MX,2022-01-24 04:09:36,27.9769,-114.0611,62.31,55,99,7.83
364,Solnechnyy,RU,2022-01-24 04:09:36,50.7214,136.6319,1.02,91,36,4.03
365,Grand Gaube,MU,2022-01-24 04:09:37,-20.0064,57.6608,84.38,75,4,5.01
366,Sobolevo,RU,2022-01-24 04:09:37,54.4299,31.8996,-4.85,100,100,2.33
367,Iskateley,RU,2022-01-24 04:09:38,67.6803,53.1512,10.29,91,98,20.2
368,Pisco,PE,2022-01-24 04:05:03,-13.7,-76.2167,69.85,78,0,10.36
369,Vila Velha,BR,2022-01-24 04:09:38,-20.3297,-40.2925,74.95,93,40,0.0
370,Kloulklubed,PW,2022-01-24 04:09:39,7.0419,134.2556,77.5,81,72,15.52
371,Salinopolis,BR,2022-01-24 04:09:39,-0.6136,-47.3561,77.14,89,100,8.23
372,Chapais,CA,2022-01-24 04:09:40,49.7834,-74.8492,-19.68,100,93,4.03
373,Sukaraja,ID,2022-01-24 04:09:40,-7.4519,108.1944,89.71,55,83,3.09
374,Alta Floresta,BR,2022-01-24 04:09:41,-9.8756,-56.0861,70.02,99,64,3.58
375,Ludvika,SE,2022-01-24 04:09:41,60.1496,15.1878,39.04,91,24,12.59
376,Luderitz,NA,2022-01-24 04:09:42,-26.6481,15.1594,78.15,51,9,4.61
377,Portland,US,2022-01-24 04:09:15,45.5234,-122.6762,45.18,87,40,4.0
378,Arzgir,RU,2022-01-24 04:09:42,45.3728,44.2206,36.25,91,100,10.4
379,Karratha,AU,2022-01-24 04:09:42,-20.7377,116.8463,93.61,47,75,10.94
380,Krapivinskiy,RU,2022-01-24 04:09:43,54.9992,86.8133,-2.56,100,86,0.98
381,Anadyr,RU,2022-01-24 04:09:43,64.75,177.4833,-23.3,74,0,8.95
382,Statesville,US,2022-01-24 04:09:44,35.7826,-80.8873,42.21,63,0,4.61
383,Monrovia,LR,2022-01-24 04:05:27,6.3005,-10.7969,75.49,88,10,4.23
384,Verkhnyaya Inta,RU,2022-01-24 04:09:44,65.9811,60.3094,12.92,87,40,13.51
385,Kavieng,PG,2022-01-24 04:09:45,-2.5744,150.7967,84.79,68,86,8.7
386,Okato,NZ,2022-01-24 04:09:45,-39.2,173.8833,69.91,76,100,9.06
387,Coquimbo,CL,2022-01-24 04:09:46,-29.9533,-71.3436,58.73,94,0,1.14
388,Ukiah,US,2022-01-24 04:09:46,39.1502,-123.2078,52.11,74,0,0.0
389,Guarapari,BR,2022-01-24 04:09:46,-20.6667,-40.4975,74.89,89,9,4.81
390,Eyl,SO,2022-01-24 04:09:47,7.9803,49.8164,72.28,74,76,13.98
391,Holland,US,2022-01-24 04:09:47,42.7875,-86.1089,20.01,86,75,5.75
392,Rio Gallegos,AR,2022-01-24 04:09:48,-51.6226,-69.2181,51.85,58,0,23.02
393,Kasane,BW,2022-01-24 04:09:48,-17.8167,25.15,60.66,85,3,6.82
394,Merauke,ID,2022-01-24 04:09:49,-8.4667,140.3333,85.75,71,58,10.4
395,Adrar,MR,2022-01-24 04:09:49,20.5022,-10.0711,61.9,19,83,10.56
396,Energeticheskiy,KZ,2022-01-24 04:09:50,43.4278,77.0222,28.96,100,100,4.47
397,Hersbruck,DE,2022-01-24 04:09:50,49.5125,11.4339,38.05,95,100,2.64
398,Progreso,MX,2022-01-24 04:09:51,21.2833,-89.6667,72.1,77,30,11.16
399,Urumqi,CN,2022-01-24 04:09:51,43.801,87.6005,11.35,85,20,2.24
400,Lagoa,PT,2022-01-24 04:09:51,39.05,-27.9833,58.98,63,4,7.65
401,Kropotkin,RU,2022-01-24 04:09:52,45.4375,40.5756,31.24,97,100,6.08
402,Plouzane,FR,2022-01-24 04:09:52,48.3833,-4.6167,34.12,100,100,5.75
403,Teguise,ES,2022-01-24 04:09:53,29.0605,-13.564,59.22,88,0,4.61
404,Wawa,NG,2022-01-24 04:09:53,9.9022,4.4192,70.9,25,0,5.53
405,Yulara,AU,2022-01-24 04:09:54,-25.2406,130.9889,92.73,23,0,3.83
406,Kiunga,PG,2022-01-24 04:09:54,-6.1219,141.2906,94.62,50,98,2.77
407,Mount Isa,AU,2022-01-24 04:09:55,-20.7333,139.5,78.57,94,75,14.97
408,Tagusao,PH,2022-01-24 04:09:55,9.1924,117.8141,83.8,69,100,9.44
409,Esperance,AU,2022-01-24 04:10:56,-33.8667,121.9,69.1,69,96,7.96
410,Praia Da Vitoria,PT,2022-01-24 04:10:56,38.7333,-27.0667,55.76,85,2,5.88
411,Balkanabat,TM,2022-01-24 04:10:57,39.5108,54.3671,40.98,42,0,8.97
412,Boiro,ES,2022-01-24 04:10:57,42.65,-8.9,43.93,82,0,4.23
413,Beloha,MG,2022-01-24 04:10:58,-25.1667,45.05,75.13,74,43,20.31
414,Makakilo City,US,2022-01-24 04:10:58,21.3469,-158.0858,75.56,64,0,8.05
415,Saint Anthony,US,2022-01-24 04:06:32,45.0205,-93.218,8.73,82,100,1.01
416,Daru,PG,2022-01-24 04:10:59,-9.0763,143.2092,88.66,64,86,3.18
417,Lashio,MM,2022-01-24 04:10:59,22.9333,97.75,67.51,46,6,1.83
418,Ca Mau,VN,2022-01-24 04:11:00,9.1769,105.15,89.73,46,23,5.64
419,Beinamar,TD,2022-01-24 04:11:00,8.6698,15.3813,65.03,22,5,2.8
420,Oxapampa,PE,2022-01-24 04:11:00,-10.5775,-75.4017,59.77,97,83,0.69
421,Wau,SS,2022-01-24 04:10:14,7.7029,27.9953,72.12,26,13,6.51
422,Tromso,NO,2022-01-24 04:11:01,69.6496,18.957,38.05,70,40,8.01
423,San Cristobal,VE,2022-01-24 04:11:02,7.7669,-72.225,69.98,76,98,1.01
424,Tokur,RU,2022-01-24 04:11:02,53.1333,132.9,-2.6,88,76,2.75
425,Faya,SA,2022-01-24 04:11:02,18.3851,42.4509,50.52,54,69,2.86
426,Muscat,OM,2022-01-24 04:11:03,23.6139,58.5922,66.22,62,0,8.7
427,Vypolzovo,RU,2022-01-24 04:11:03,57.8767,33.6986,9.07,92,14,7.18
428,Kerema,PG,2022-01-24 04:11:04,-7.9631,145.7785,85.87,65,63,8.12
429,Taoudenni,ML,2022-01-24 04:11:04,22.6783,-3.9836,61.43,20,89,8.41
430,Baracoa,CU,2022-01-24 04:11:05,20.3467,-74.4958,73.15,88,10,3.67
431,Svetlogorsk,BY,2022-01-24 04:11:05,52.6333,29.7333,7.29,97,73,4.88
432,Chingirlau,KZ,2022-01-24 04:11:06,51.095,54.0814,0.97,85,95,8.41
433,Pingliang,CN,2022-01-24 04:11:06,35.5392,106.6861,32.72,72,73,2.62
434,Ust-Kuyga,RU,2022-01-24 04:11:07,70.0167,135.6,-13.18,99,100,5.73
435,Redmond,US,2022-01-24 04:06:42,47.674,-122.1215,41.31,88,100,1.01
436,Lyngseidet,NO,2022-01-24 04:11:08,69.5763,20.2189,37.49,86,92,12.37
437,Kouango,CF,2022-01-24 04:11:08,4.9934,19.9619,76.77,29,98,3.98
438,Port Keats,AU,2022-01-24 04:11:09,-14.25,129.55,80.33,87,100,9.95
439,Russell,US,2022-01-24 04:11:09,32.3502,-85.1999,37.0,80,0,3.44
440,Vanavara,RU,2022-01-24 04:11:10,60.34,102.2797,-0.96,96,100,3.65
441,Broken Hill,AU,2022-01-24 04:11:10,-31.95,141.4333,85.06,34,75,1.86
442,Tommot,RU,2022-01-24 04:11:11,58.9564,126.2925,5.13,90,97,3.2
443,Benoy,TD,2022-01-24 04:11:11,8.9833,16.3199,66.04,23,4,5.61
444,Shingu,JP,2022-01-24 04:11:12,33.7333,135.9833,52.41,49,99,5.82
445,Moerai,PF,2022-01-24 04:11:12,-22.4333,-151.3333,80.28,83,100,19.84
446,Sindor,RU,2022-01-24 04:11:12,62.8629,51.8905,5.09,96,100,6.82
447,Chikwawa,MW,2022-01-24 04:11:13,-16.0335,34.8009,71.53,99,100,4.14
448,Dipalpur,PK,2022-01-24 04:11:13,30.6709,73.6529,52.83,81,74,5.73
449,Aleksandrovsk-Sakhalinskiy,RU,2022-01-24 04:11:14,50.8975,142.1561,7.88,80,36,3.71
450,San Fernando,PH,2022-01-24 04:11:14,15.0286,120.6898,86.14,48,98,5.17
451,Hope,US,2022-01-24 04:09:42,33.6671,-93.5916,46.94,72,0,4.74
452,Kokopo,PG,2022-01-24 04:11:15,-4.352,152.2633,85.68,65,98,11.61
453,La Rioja,ES,2022-01-24 04:07:09,42.25,-2.5,19.18,82,1,5.39
454,Iquique,CL,2022-01-24 04:10:48,-20.2208,-70.1431,64.44,81,66,0.47
455,Viytivka,UA,2022-01-24 04:11:16,48.426,29.5429,18.34,88,100,14.65
456,Kahului,US,2022-01-24 04:12:16,20.8947,-156.47,75.22,81,0,16.11
457,Hofn,IS,2022-01-24 04:12:17,64.2539,-15.2082,26.26,55,0,13.65
458,Nowy Dwor Mazowiecki,PL,2022-01-24 04:12:17,52.4302,20.7165,28.08,82,0,5.75
459,Fare,PF,2022-01-24 04:12:18,-16.7,-151.0167,81.37,69,99,11.36
460,Bismarck,US,2022-01-24 04:08:02,46.8083,-100.7837,35.87,94,100,17.27
461,Marmande,FR,2022-01-24 04:12:19,44.5,0.1667,36.88,90,4,6.42
462,Alice Springs,AU,2022-01-24 04:07:45,-23.7,133.8833,96.22,43,0,1.01
463,Wanning,CN,2022-01-24 04:12:19,18.8003,110.3967,79.05,70,41,4.59
464,Conceicao Do Araguaia,BR,2022-01-24 04:12:20,-8.2578,-49.2647,73.13,94,14,2.24
465,Kovdor,RU,2022-01-24 04:12:20,67.5662,30.4758,38.26,80,100,20.92
466,Kharp,RU,2022-01-24 04:12:20,66.8014,65.8081,-4.7,95,25,3.11
467,Santa Vitoria,BR,2022-01-24 04:12:21,-18.8386,-50.1214,74.68,80,30,2.53
468,Yuxia,CN,2022-01-24 04:12:21,34.0615,108.6291,38.34,79,98,3.51
469,Bowen,AU,2022-01-24 04:12:22,-20.0167,148.2333,83.82,65,88,16.58
470,Iberia,US,2022-01-24 04:12:22,29.9502,-91.7507,42.12,75,0,0.0
471,Aban,RU,2022-01-24 04:12:23,56.67,96.06,-0.08,97,100,3.89
472,Rauma,FI,2022-01-24 04:12:23,61.1272,21.5113,33.84,93,100,16.02
473,Elizabeth City,US,2022-01-24 04:12:24,36.2946,-76.2511,37.02,84,0,7.27
474,Aviles,ES,2022-01-24 04:12:24,43.5547,-5.9248,44.73,85,0,9.22
475,Churapcha,RU,2022-01-24 04:12:24,62.0025,132.4325,-20.96,96,95,1.28
476,Campbell River,CA,2022-01-24 04:12:25,50.0163,-125.2446,37.45,98,100,3.44
477,Muisne,EC,2022-01-24 04:12:25,0.6,-80.0333,76.57,88,93,6.64
478,Cabimas,VE,2022-01-24 04:10:13,10.3883,-71.4399,77.61,76,74,14.65
479,Matola,MZ,2022-01-24 04:12:26,-25.9622,32.4589,71.51,88,90,6.11
480,Roald,NO,2022-01-24 04:12:26,62.5833,6.1333,48.25,87,100,33.38
481,Bela,IN,2022-01-24 04:12:27,25.9333,81.9833,63.03,72,21,3.87
482,Xinzhi,CN,2022-01-24 04:12:27,36.4989,111.7047,36.16,83,100,3.33
483,Hami,CN,2022-01-24 04:12:28,42.8,93.45,26.38,46,5,3.44
484,Tezu,IN,2022-01-24 04:12:28,27.9167,96.1667,66.9,37,89,3.85
485,Acarau,BR,2022-01-24 04:12:28,-2.8856,-40.12,77.59,79,97,9.24
486,Salmas,IR,2022-01-24 04:12:29,38.1973,44.7653,9.7,71,19,5.61
487,Seoul,KR,2022-01-24 04:12:29,37.5683,126.9778,47.71,49,9,5.23
488,Atar,MR,2022-01-24 04:12:30,20.5169,-13.0499,68.95,18,100,9.26
489,Mascota,MX,2022-01-24 04:12:30,20.5167,-104.7833,60.51,95,99,1.3
490,Stavern,NO,2022-01-24 04:12:31,59.0,10.0333,39.18,89,80,20.85
491,Ascension,US,2022-01-24 04:11:41,30.2169,-90.9001,42.01,81,2,3.62
492,Plavsk,RU,2022-01-24 04:12:31,53.7094,37.2919,19.38,92,100,11.59
493,Zhicheng,CN,2022-01-24 04:12:32,30.2956,111.5047,40.06,73,100,3.11
494,Jacksonville,US,2022-01-24 04:10:52,30.3322,-81.6556,42.01,80,0,6.91
495,Makat,KZ,2022-01-24 04:12:32,47.6469,53.3463,17.35,84,100,15.95
496,Manadhoo,MV,2022-01-24 04:12:33,5.7667,73.3833,81.48,60,100,11.86
497,Almaznyy,RU,2022-01-24 04:12:33,48.0448,40.045,23.14,96,100,12.77
498,Bayir,TR,2022-01-24 04:12:34,37.2687,28.2167,19.92,70,3,3.44
499,Oistins,BB,2022-01-24 04:12:34,13.0667,-59.5333,77.09,73,20,17.27
500,Marsh Harbour,BS,2022-01-24 04:12:35,26.5412,-77.0636,69.13,79,52,4.88
501,Sao Joao Da Barra,BR,2022-01-24 04:12:35,-21.6403,-41.0511,75.67,85,23,11.79
502,Zunyi,CN,2022-01-24 04:12:36,27.6867,106.9072,40.66,93,100,4.81
503,Amahai,ID,2022-01-24 04:13:36,-3.3333,128.9167,87.03,61,13,5.86
504,Kuytun,RU,2022-01-24 04:13:36,54.3419,101.5036,8.85,93,100,4.61
505,Padang,ID,2022-01-24 04:13:37,-0.9492,100.3543,80.65,81,96,6.35
506,Lyuban,BY,2022-01-24 04:13:37,52.7985,28.0048,6.82,97,57,3.18
507,Pital,CO,2022-01-24 04:13:38,2.2665,-75.8044,71.76,83,98,3.87
508,Marsabit,KE,2022-01-24 04:13:38,2.3284,37.9899,66.09,55,26,11.41
509,Bathsheba,BB,2022-01-24 04:13:39,13.2167,-59.5167,77.61,73,20,17.27
510,Yumen,CN,2022-01-24 04:13:39,40.2833,97.2,25.12,35,0,2.66
511,Hambantota,LK,2022-01-24 04:13:40,6.1241,81.1185,77.4,77,100,3.89
512,Pangkalanbuun,ID,2022-01-24 04:13:40,-2.6833,111.6167,91.78,47,61,5.46
513,Nalobikha,RU,2022-01-24 04:13:40,53.2006,84.6039,-2.67,99,100,1.97
514,Seymchan,RU,2022-01-24 04:13:41,62.8833,152.4333,-31.16,99,100,1.68
515,Koumac,NC,2022-01-24 04:13:41,-20.5667,164.2833,82.15,65,48,8.68
516,Humaita,BR,2022-01-24 04:13:42,-7.5061,-63.0208,72.01,94,55,0.63
517,Kudahuvadhoo,MV,2022-01-24 04:13:42,2.6708,72.8944,80.8,73,65,13.76
518,Wewak,PG,2022-01-24 04:13:43,-3.5534,143.6268,82.26,79,100,7.09
519,Sao Francisco,BR,2022-01-24 04:12:54,-15.9486,-44.8644,68.4,93,4,3.98
520,Port Blair,IN,2022-01-24 04:13:44,11.6667,92.75,82.44,61,20,3.44
521,Cheshire,US,2022-01-24 04:13:44,41.499,-72.9007,30.29,82,0,0.0
522,Roma,US,2022-01-24 04:11:23,43.2128,-75.4557,19.26,90,100,0.0
523,Parral,MX,2022-01-24 04:13:45,26.9333,-105.6667,49.77,34,96,9.71
524,Whyalla,AU,2022-01-24 04:13:45,-33.0333,137.5833,80.31,59,62,5.48
525,Maldaeni,RO,2022-01-24 04:13:45,44.1167,24.9333,26.06,62,75,3.74
526,Morgan City,US,2022-01-24 04:13:46,29.6994,-91.2068,39.0,93,0,3.44
527,Olafsvik,IS,2022-01-24 04:13:46,64.8945,-23.7142,32.99,67,100,20.89
528,Pochutla,MX,2022-01-24 04:13:47,15.7432,-96.4661,77.83,69,0,3.47
529,Grindavik,IS,2022-01-24 04:13:47,63.8424,-22.4338,34.27,69,75,24.16
530,Oskemen,KZ,2022-01-24 04:13:48,49.9565,82.6119,-11.07,76,75,0.0
531,Leningradskiy,RU,2022-01-24 04:13:48,69.3833,178.4167,-13.0,97,100,5.01
532,Venice,US,2022-01-24 04:11:18,27.0998,-82.4543,50.14,86,40,5.75
533,Yangambi,CD,2022-01-24 04:13:49,0.8102,24.4336,72.21,79,93,2.42
534,Qaqortoq,GL,2022-01-24 04:13:49,60.7167,-46.0333,21.7,72,100,7.94
535,San Patricio,US,2022-01-24 04:13:50,28.017,-97.5169,55.81,49,100,5.06
536,Vanderhoof,CA,2022-01-24 04:13:50,54.0166,-124.0198,24.1,97,95,3.33
537,Kjopsvik,NO,2022-01-24 04:13:51,68.097,16.3742,38.17,97,100,22.12
538,Lavrentiya,RU,2022-01-24 04:13:51,65.5833,-171.0,6.69,98,100,4.76
539,Ayna,PE,2022-01-24 04:13:51,-12.65,-73.9167,58.15,85,33,1.63
540,Manaus,BR,2022-01-24 04:13:52,-3.1019,-60.025,77.5,100,0,1.14
541,Rudsar,IR,2022-01-24 04:13:52,37.1376,50.288,37.45,59,0,5.55
542,Beaumont,US,2022-01-24 04:13:53,30.0861,-94.1019,45.23,81,0,0.0
543,Rolla,US,2022-01-24 04:13:53,37.9514,-91.7713,32.14,62,100,5.01
544,Buzmeyin,TM,2022-01-24 04:10:15,38.0507,58.2056,37.35,44,0,5.17
545,Yantal,RU,2022-01-24 04:13:54,56.8471,105.2542,-0.92,96,100,0.98
546,Korla,CN,2022-01-24 04:13:54,41.7597,86.1469,27.88,49,100,2.21
547,Voznesenye,RU,2022-01-24 04:13:55,61.0106,35.4781,22.77,89,92,12.88
548,Salalah,OM,2022-01-24 04:13:55,17.0151,54.0924,66.29,30,0,10.36
549,Bubaque,GW,2022-01-24 04:13:56,11.2833,-15.8333,78.03,72,39,5.48
550,Tautira,PF,2022-01-24 04:14:56,-17.7333,-149.15,78.82,78,96,13.33
551,Beauvais,FR,2022-01-24 04:14:57,49.4167,2.0,35.8,97,0,1.14
552,Lerwick,GB,2022-01-24 04:14:57,60.1545,-1.1494,48.2,92,100,20.07
553,Corinth,GR,2022-01-24 04:14:58,37.9407,22.9573,38.41,62,85,6.73
554,Port-Gentil,GA,2022-01-24 04:14:58,-0.7193,8.7815,79.03,80,14,7.38
555,Corowa,AU,2022-01-24 04:14:58,-36.0333,146.3833,89.58,31,100,6.71
556,Talcahuano,CL,2022-01-24 04:14:59,-36.7167,-73.1167,58.68,88,0,11.5
557,Baykit,RU,2022-01-24 04:14:59,61.67,96.37,3.43,96,100,1.36
558,Saint Helens,GB,2022-01-24 04:15:00,53.45,-2.7333,38.62,86,100,3.0
559,Tsagan Aman,RU,2022-01-24 04:15:00,47.5639,46.7218,26.15,90,100,15.1
560,Miandrivazo,MG,2022-01-24 04:15:01,-19.5167,45.4667,81.82,62,98,4.65
